{"cameraMode":{"drawMode":0,"name":"Shaded","section":"Shading Mode"},"sceneLighting":false,"audioPlay":false,"sceneViewState":{"showFog":false,"showMaterialUpdate":false,"showSkybox":false,"showFlares":false,"showImageEffects":false,"showParticleSystems":false},"in2DMode":false,"pivot":{"x":1.0440000295639039,"y":-0.05900001525878906,"z":-5.360000133514404},"rotation":{"x":0.015907416120171548,"y":0.8654904961585999,"z":-0.027540218085050584,"w":0.4999246895313263},"size":2.8578836917877199,"orthographic":false}