{"cameraMode":{"drawMode":0,"name":"Shaded","section":"Shading Mode"},"sceneLighting":true,"audioPlay":false,"sceneViewState":{"showFog":false,"showMaterialUpdate":false,"showSkybox":false,"showFlares":false,"showImageEffects":false,"showParticleSystems":false},"in2DMode":false,"pivot":{"x":0.10766315460205078,"y":0.23857305943965913,"z":-6.995821475982666},"rotation":{"x":0.018156874924898149,"y":0.8653578162193298,"z":-0.03143465146422386,"w":0.49984803795814516},"size":3.071392059326172,"orthographic":false}